Model,Accuracy,Precision,Recall,F1_Score,minority_recall,business_metric
Tuned stacked_model,0.6726092521484732,0.9942116868798236,0.6708825444062122,0.8011549780665222,0.772972972972973,0.7870639755197476
